{"cameraMode":{"drawMode":0,"name":"Shaded","section":"Shading Mode"},"sceneLighting":false,"audioPlay":false,"sceneViewState":{"m_AlwaysRefresh":true,"showFog":false,"showSkybox":false,"showFlares":false,"showImageEffects":false,"showParticleSystems":true,"showVisualEffectGraphs":true,"m_FxEnabled":true},"in2DMode":false,"pivot":{"x":-0.3894854784011841,"y":0.3354721665382385,"z":0.32786643505096438},"rotation":{"x":-0.00134472141508013,"y":-0.9884072542190552,"z":0.15181010961532594,"w":-0.008918353356420994},"size":0.8440605401992798,"orthographic":false}