{"cameraMode":{"drawMode":0,"name":"Shaded","section":"Shading Mode"},"sceneLighting":true,"audioPlay":false,"sceneViewState":{"m_AlwaysRefresh":true,"showFog":false,"showSkybox":true,"showFlares":false,"showImageEffects":false,"showParticleSystems":true,"showVisualEffectGraphs":true,"m_FxEnabled":true},"in2DMode":false,"pivot":{"x":60.8086051940918,"y":13.231247901916504,"z":88.31970977783203},"rotation":{"x":-0.061977654695510867,"y":0.10996842384338379,"z":-0.006875599268823862,"w":-0.9919838905334473},"size":15.057554244995118,"orthographic":false}