{"cameraMode":{"drawMode":0,"name":"Shaded","section":"Shading Mode"},"sceneLighting":true,"audioPlay":false,"sceneViewState":{"m_AlwaysRefresh":true,"showFog":false,"showSkybox":true,"showFlares":true,"showImageEffects":true,"showParticleSystems":true,"showVisualEffectGraphs":true,"m_FxEnabled":true},"in2DMode":false,"pivot":{"x":384.5228271484375,"y":-8.246475219726563,"z":407.51763916015627},"rotation":{"x":0.3412761390209198,"y":0.06667879223823548,"z":-0.010709133930504322,"w":0.9377173781394959},"size":30.067874908447267,"orthographic":false}