{"cameraMode":{"drawMode":0,"name":"Shaded","section":"Shading Mode"},"sceneLighting":false,"audioPlay":false,"sceneViewState":{"m_AlwaysRefresh":true,"showFog":false,"showSkybox":false,"showFlares":false,"showImageEffects":true,"showParticleSystems":true,"showVisualEffectGraphs":true,"m_FxEnabled":true},"in2DMode":false,"pivot":{"x":12.34791088104248,"y":14.180146217346192,"z":-14.560516357421875},"rotation":{"x":0.33139103651046755,"y":-0.12663425505161286,"z":0.03515288978815079,"w":0.9352009892463684},"size":0.8660253882408142,"orthographic":false}