{"cameraMode":{"drawMode":0,"name":"Shaded","section":"Shading Mode"},"sceneLighting":false,"audioPlay":false,"sceneViewState":{"m_AlwaysRefresh":true,"showFog":false,"showSkybox":false,"showFlares":true,"showImageEffects":true,"showParticleSystems":true,"showVisualEffectGraphs":true,"m_FxEnabled":true},"in2DMode":false,"pivot":{"x":0.11886346340179444,"y":0.03934121131896973,"z":0.2528091073036194},"rotation":{"x":-0.1459723562002182,"y":0.8185456395149231,"z":-0.2705030143260956,"w":-0.48551180958747866},"size":1.7704278230667115,"orthographic":false}