{"cameraMode":{"drawMode":0,"name":"Shaded","section":"Shading Mode"},"sceneLighting":false,"audioPlay":false,"sceneViewState":{"m_AlwaysRefresh":true,"showFog":false,"showSkybox":false,"showFlares":true,"showImageEffects":true,"showParticleSystems":true,"showVisualEffectGraphs":true,"m_FxEnabled":true},"in2DMode":false,"pivot":{"x":0.0955815538764,"y":0.015293890610337258,"z":0.342316597700119},"rotation":{"x":0.23993684351444245,"y":0.6708800792694092,"z":-0.22263726592063905,"w":0.6656760573387146},"size":0.37968960404396059,"orthographic":false}