{"cameraMode":{"drawMode":0,"name":"Shaded","section":"Shading Mode"},"sceneLighting":false,"audioPlay":false,"sceneViewState":{"m_AlwaysRefresh":true,"showFog":false,"showSkybox":false,"showFlares":false,"showImageEffects":false,"showParticleSystems":true,"showVisualEffectGraphs":true,"m_FxEnabled":true},"in2DMode":false,"pivot":{"x":-0.055795252323150638,"y":0.09077419340610504,"z":3.5762786865234377e-7},"rotation":{"x":0.44660741090774538,"y":-0.3412148654460907,"z":0.1892501562833786,"w":0.8052172064781189},"size":0.34104469418525698,"orthographic":false}