{"cameraMode":{"drawMode":0,"name":"Shaded","section":"Shading Mode"},"sceneLighting":false,"audioPlay":false,"sceneViewState":{"m_AlwaysRefresh":true,"showFog":false,"showSkybox":false,"showFlares":false,"showImageEffects":true,"showParticleSystems":true,"showVisualEffectGraphs":true,"m_FxEnabled":true},"in2DMode":false,"pivot":{"x":22.391101837158204,"y":16.280000686645509,"z":1.2213201522827149},"rotation":{"x":0.2980846166610718,"y":-0.33281490206718447,"z":0.10119929909706116,"w":0.8898457288742065},"size":1.299038052558899,"orthographic":false}