{"cameraMode":{"drawMode":0,"name":"Shaded","section":"Shading Mode"},"sceneLighting":false,"audioPlay":false,"sceneViewState":{"m_AlwaysRefresh":true,"showFog":false,"showSkybox":false,"showFlares":false,"showImageEffects":false,"showParticleSystems":true,"showVisualEffectGraphs":true,"m_FxEnabled":true},"in2DMode":false,"pivot":{"x":0.1989448070526123,"y":0.38465142250061037,"z":0.2268826961517334},"rotation":{"x":0.27305519580841067,"y":0.1917008012533188,"z":-0.06363050639629364,"w":0.9414216876029968},"size":1.7320507764816285,"orthographic":false}